country,inflation_rate,exports_gdp_share,gdp_growth_rate,gdp_per_capita,adult_literacy_rate,primary_school_enrolment_rate,education_expenditure_gdp_share,measles_immunisation_rate,health_expenditure_gdp_share,income_inequality,unemployment_rate,life_expectancy,total_population
Afghanistan,,18.3800424016375,-6.24017199240269,357.261152798144,,,,56.0,,,14.1,62.879,40578842.0
Albania,6.72520271530048,37.197084813482,4.82668831434437,6846.42614266044,98.5,96.3712310791016,2.74432992935181,86.0,,,10.137,76.833,2777689.0
Algeria,9.26551551551553,30.8089785470304,3.59999999999998,4961.55257664733,,108.343933105469,4.74924659729004,79.0,,,12.346,77.129,45477389.0
American Samoa,,46.9575200918485,1.73501577287065,18017.4589383973,,,,,,,,,48342.0
Andorra,,,9.56461225648184,42414.0590092117,,90.147346496582,2.64728999137878,98.0,,,,,79705.0
Angola,21.3552901320822,44.391642097512,3.04472652391918,2929.69445467272,72.4000015258789,86.7067961582083,2.3321259021759,37.0,,,14.602,61.929,35635029.0
Antigua and Barbuda,7.53107834634288,54.689582143537,9.51639564359461,20117.7653310355,,,3.6477484703064,99.0,,,,79.236,92840.0
Argentina,,16.248014443903,5.26987967384072,13935.6811110049,,108.722412109375,4.80521011352539,85.0,,40.7,6.805,76.064,45407904.0
Armenia,8.64091108973855,50.2249804603907,12.5999999997766,6571.97445545099,,92.9023818969727,2.4918999671936,95.0,,27.9,13.379,73.372,2969200.0
Aruba,,87.5702798253937,8.51791810517545,30559.5335346581,,104.667572021484,,,,,,74.992,107310.0
Australia,6.59409671341846,25.5315880289865,4.24238555336139,64997.0136536475,,99.1329879760742,5.20677661895752,96.0,,,3.728,83.2,26014399.0
Austria,8.5468699318845,61.9626734104832,5.27789421203715,52176.6649141178,,100.77562713623,4.77447128295898,95.0,,,4.992,81.0926829268293,9041851.0
Azerbaijan,13.8522590144267,59.9868480668076,4.71480236521231,7770.594223351,,99.8082962036133,3.04690003395081,93.0,,,5.65,73.488,10141756.0
"Bahamas, The",5.60540633583044,39.4270880911056,10.7820132001503,33044.388209429,,,2.83657622337341,80.0,,,9.272,74.358,397538.0
Bahrain,3.62574104304482,95.5045713182044,5.98130282177125,30616.2610677495,98.0,92.3441925048828,1.98779726028442,99.0,,,1.326,79.246,1524693.0
Bangladesh,7.69695437176898,12.8822264348985,7.09982877575158,2716.48592677835,,117.659457498739,1.71183669567108,97.0,,33.4,4.593,73.698,169384897.0
Barbados,,,17.8328630251327,22164.0260273876,,95.5793075561523,4.41624021530151,85.0,,,8.365,77.706,282318.0
Belarus,15.209675274081,63.0511868938428,-4.65839591573591,7994.64806074889,,94.7119674682617,4.62823009490967,98.0,,,3.574,73.1114634146342,9228071.0
Belgium,9.597511728725,95.2678018169313,4.2334318336917,50807.2047084918,,102.176986694336,,96.0,,,5.57,81.6975609756098,11680210.0
Belize,6.27689319447544,53.2722099272842,9.65297772389758,7068.45478269722,,99.9364624023438,4.59650993347168,81.0,,,8.763,70.962,402733.0
Benin,1.35077863583527,21.6532095498925,6.25324491401346,1264.70765976655,47.0999984741211,113.04891204834,3.37785911560059,52.0,,,1.685,59.954,13759501.0
Bermuda,,50.463452895894,6.43113399633694,120897.311155385,,85.4245880861851,1.92221343517303,,,,,81.571,64749.0
Bhutan,5.63916671396365,25.4988399719131,5.21386781145085,3711.32767902157,72.0999984741211,106.082127409623,7.46982002258301,97.0,,28.5,5.947,72.229,780914.0
Bolivia,1.74632872945969,32.6115548585963,3.60568038279472,3643.92826968677,,99.5986480712891,7.57550001144409,69.0,,,3.552,64.928,12077154.0
Bosnia and Herzegovina,14.0208440826771,48.307102350834,4.22681101095546,7655.59421024383,98.3000030517578,87.8222198486328,,58.0,,,12.657,75.293,3204802.0
Botswana,11.665567478802,43.5418799471132,5.48602817797183,8329.04032229144,,96.9256945502565,,90.0,,,23.615,65.913,2439892.0
Brazil,9.28010608956873,19.6307650034371,3.01669435393015,9281.33334441234,94.6900024414062,103.970321655273,,81.0,,52.0,9.231,73.425,210306415.0
British Virgin Islands,,,,,,101.18147277832,2.48401999473572,,,,,76.373,38319.0
Brunei Darussalam,3.68225030604216,86.3893569229457,-1.62833154022366,36632.9280421411,,94.5624818507405,,97.0,,,5.191,74.551,455370.0
Bulgaria,15.3252589264366,69.9770907029936,4.03877758301681,13644.201582807,,95.8885192871094,,91.0,,,4.268,74.3609756097561,6643324.0
Burkina Faso,14.2902354303358,31.744842886064,1.4972397409897,836.118304593682,34.4900016784668,82.3567962646484,5.27651214599609,91.0,,,5.389,59.766,22509038.0
Burundi,18.8008786664945,4.9710985076333,1.84899943948213,250.634225368744,75.5400009155273,,4.82104730606079,89.0,,,0.915,61.977,13321097.0
Cabo Verde,7.93092925430087,38.6842542170134,15.843675684642,4323.31362665974,91.0,,4.67288541793823,95.0,,,12.246,74.722,519741.0
Cambodia,5.34370264895437,72.2070606780988,5.10336888677125,2325.03050040841,83.7799987792969,109.959079096814,2.88349270820618,83.0,,,0.231,69.896,17201724.0
Cameroon,6.24767713343861,19.321813317909,3.7367840056412,1604.87726954895,,110.715507507324,2.61768436431885,68.0,,,3.653,60.958,27632771.0
Canada,6.80280115341613,33.8450475582139,3.81986633913397,55509.393176404,,96.0115737915039,4.13957166671753,92.0,11.15471363,,5.279,81.2956097560976,38939056.0
Cayman Islands,,,5.15632954248333,92202.1478031576,,87.6824264526367,1.48894000053406,,,,,,71591.0
Central African Republic,5.58316735183247,12.3004999986493,0.502110003427035,467.359825026238,,,2.11509132385254,41.0,,,5.956,54.477,5098039.0
Chad,5.78802687843616,49.3201339326375,2.80434074839411,671.720147647873,27.2800006866455,90.3641204833984,2.53867292404175,54.0,,37.4,1.096,52.997,18455316.0
Channel Islands,,,5.34196183115412,67627.3082341446,,,,,,,6.147,81.583,167215.0
Chile,11.6438667110561,35.515107072528,2.05874008095333,15451.1319576678,97.1600036621094,100.192268371582,,94.0,9.00162983,43.0,8.249,79.519,19553036.0
China,1.97357555739051,20.7914830663638,2.95066992959268,12662.5826712038,,100.171730041504,4.02356958389282,99.0,,,4.98,78.587,1412175000.0
Colombia,10.1772313546166,20.2324003888988,7.2888838865514,6674.59601948063,,104.830467224121,,88.0,,54.8,10.547,73.659,51737944.0
Comoros,,12.7160796545449,2.60301031927843,1489.49566257969,61.7099990844727,,2.43164420127869,71.0,,,3.816,63.68,834188.0
"Congo, Dem. Rep.",,45.4979499673544,8.92444762563109,642.612265820033,80.5400009155273,,3.002521276474,56.0,,,4.522,59.743,102396968.0
"Congo, Rep.",3.04344334698478,63.8121468562925,1.47535613247133,2620.83804267402,,,2.95159220695496,65.0,,,20.108,63.053,6035104.0
Costa Rica,8.27477490232654,42.4051961144394,4.55149177958398,13625.9008491328,,107.611297607422,,90.0,,47.2,11.325,77.32,5081765.0
Cote d'Ivoire,5.27616724262846,24.5266423324517,6.2178509127107,2308.70654660366,,94.6489410400391,3.51197004318237,62.0,,,2.306,58.916,30395002.0
Croatia,10.7805806758686,59.4969715136887,7.28793643206565,18466.0955472648,,100.527976989746,,90.0,,,6.96,77.5756097560976,3855641.0
Cuba,,40.0139049760333,1.77485399483382,,,99.8729629516602,,99.0,,,1.82,78.155,11059820.0
Curacao,,,6.90599999999999,20501.7522782219,,,,,,,,,149996.0
Cyprus,8.39548297993334,102.228352655371,7.36562252428676,33938.9453125,,97.0016403198242,,84.0,,,6.806,81.889,1331370.0
Czechia,15.1001651468371,72.4094281428088,2.84717065717149,28282.2236715857,,100.97534942627,,97.0,,,2.224,79.0292682926829,10672118.0
Denmark,7.6965669988926,70.5484698289144,1.54017310709567,68091.3191138669,,100.244453430176,5.29643440246582,95.0,9.5,,4.434,81.3048780487805,5903037.0
Djibouti,5.17980847967061,169.000456477795,3.72857647005031,3231.30015326477,,,,50.0,,,26.307,62.859,1137096.0
Dominica,7.7806152516404,,5.58354626264079,9085.67412772363,,91.8765411376953,6.04314231872559,87.0,,,,72.981,66826.0
Dominican Republic,8.81109209279587,22.0627315413808,4.85832403582451,10109.5234003521,95.5,100.492286682129,3.94027137756348,91.0,,37.0,5.504,74.17,11230734.0
Ecuador,3.46616972213077,30.7865967428238,6.18613907258741,6540.99824522101,94.0,99.5941925048828,3.59897994995117,74.0,,45.5,3.761,77.894,17823897.0
"Egypt, Arab Rep.",13.8956609775178,15.0870258208479,6.58784560886967,4233.30783744856,74.5,91.5901794433594,,96.0,,,7.344,70.159,112618250.0
El Salvador,7.19861615609867,31.665057776255,2.79955216943868,5093.51833879776,,89.3291473388672,3.25634002685547,80.0,,38.8,2.999,71.475,6280319.0
Equatorial Guinea,4.78671704710803,52.9670852025114,3.22350831658598,7589.29964909381,,,,49.0,,,8.455,61.19,1803545.0
Eritrea,,,,,,82.9708480834961,,93.0,,,5.695,66.604,3409447.0
Estonia,19.3982634080616,86.6638366613108,0.0604278323325786,28451.1477825175,,99.2638168334961,,89.0,6.94306278,,5.571,77.9439024390244,1348840.0
Eswatini,,,-0.0676192583464115,3852.08573272946,90.7470169067383,,5.69260597229004,83.0,,,35.359,56.36,1218917.0
Ethiopia,33.8898797100898,8.24396237462472,5.32117628383672,1011.0732858233,,85.5312668839719,3.73649501800537,55.0,,,3.409,65.645,125384287.0
Faroe Islands,,62.2097192780871,3.55602380418398,66108.733645837,,,,,,,,83.3,53952.0
Fiji,4.52019266394958,48.1741152663973,19.7927266933385,5405.03007408295,,108.04511770038,3.93839550018311,99.0,,,4.446,68.312,919422.0
Finland,7.12350773301402,46.0958049630999,1.4500480727209,50438.4753952355,,98.6190185546875,,94.0,,,6.719,81.1878048780488,5556106.0
France,5.22236748369735,36.5036688904078,2.57084047443969,41082.8119320747,,102.720581054688,,95.0,,,7.308,82.2292682926829,68065015.0
French Polynesia,,21.096822594212,4.46607459000271,20738.6499971661,,,,,,,11.888,83.55,280378.0
Gabon,4.23124798274579,67.5787331934568,3.03761449502689,8409.2074145028,85.6900024414062,,2.20773649215698,52.0,,,20.399,65.694,2430747.0
"Gambia, The",11.5131198380505,8.56985063226593,5.49299823010114,836.244875868476,58.6699981689453,92.3203884576405,2.74282312393188,74.0,,,6.076,62.906,2636470.0
Georgia,11.8981654203198,52.4788792204227,10.9585321385624,6729.84659930283,100.0,104.548118591309,3.75498008728027,90.0,7.37,33.5,11.647,71.587,3712502.0
Germany,6.87257438551097,45.7805177232318,1.36973105536585,49686.1154582583,,100.218132019043,4.54389047622681,97.0,12.65471077,,3.12,80.7056097560976,83797985.0
Ghana,31.2558951049016,34.6640435533587,3.81750462109567,2240.27945094566,,96.5331573486328,2.90529441833496,95.0,,,3.084,63.945,33149152.0
Gibraltar,,,,,,127.165351867676,,,,,,82.83,37609.0
Greece,9.64525981280632,49.019884781247,5.74364918958959,20971.8349258283,,101.192031860352,,97.0,,,12.426,80.6365853658537,10436882.0
Greenland,,,,,,,,,,,,71.5404878048781,56661.0
Grenada,2.5805392590792,,7.32074061551874,10474.2652893842,,,3.93536496162415,76.0,,,,75.335,116913.0
Guam,,7.88712011577424,5.09986426216793,41833.1517132825,,,,,,,5.454,78.33,165180.0
Guatemala,6.88512823344287,18.9476636799436,4.20015588892568,5358.08963795,83.0311737060547,103.906227111816,3.22940993309021,86.0,,,3.051,68.674,17847877.0
Guinea,10.4930409984424,45.4186514317354,3.97240784200721,1416.59612011764,,,1.98561489582062,47.0,,,5.267,58.985,14055137.0
Guinea-Bissau,9.39383877456591,15.2411274864989,4.60583180729681,853.281304044102,53.9000015258789,,,75.0,,,2.666,59.861,2105529.0
Guyana,6.11505550109935,,63.3345871591983,17913.4910146288,90.0299987792969,,,95.0,,,12.013,65.989,821637.0
Haiti,33.98393194707,7.23876011586942,-1.68198396897978,1760.62635668777,,,1.27466893196106,65.0,,,14.635,63.728,11503606.0
Honduras,9.08963911525025,42.4391817948962,4.14356194013767,3003.28996826399,,85.8662414550781,4.44157886505127,77.0,,,8.774,70.728,10463872.0
"Hong Kong SAR, China",1.88136707196853,194.485687158439,-3.68357113148396,48826.0527728276,,101.081039428711,3.72866010665894,,,,4.318,83.6609756097561,7346100.0
Hungary,14.6081439492433,90.4153697462384,4.58340767295068,18353.298364905,,103.47647857666,,99.0,,,3.609,76.0170731707317,9644377.0
Iceland,8.3087551155892,45.6939958598215,8.9925076126915,75314.085560994,,98.5116424560547,7.13966512680054,91.0,8.57,,3.789,82.1707317073171,382003.0
India,6.69903414079852,23.2004878372097,6.9870393257555,2352.61392452078,76.0,111.084455603874,4.12072849273682,95.0,,,4.822,67.744,1425423212.0
Indonesia,4.20946383402165,24.5037442007268,5.30741934775764,4730.74548910499,,100.64499288828,0.863943338394165,92.0,,35.5,3.462,68.25,278830529.0
"Iran, Islamic Rep.",43.4884641742179,26.8158865548081,3.77663140152906,4405.09291519791,88.9599990844727,,3.06036734580994,99.0,,34.8,9.085,74.556,89524246.0
Iraq,4.99476596381044,44.6396362376063,7.63981140218355,6504.12428393548,,,,97.0,,,15.511,71.336,44070551.0
Ireland,7.82945736434105,136.684440145681,8.61950355191492,106194.755859223,,99.6199417114258,,90.0,6.07060957,,4.501,83.0560975609756,5165700.0
Isle of Man,,,,,,,,,,,,80.762,84132.0
Israel,4.39359665912654,31.7285048330644,6.47037150232485,54930.7261602593,,96.3125686645508,6.45624446868896,98.0,,,3.695,82.7,9557500.0
Italy,8.20128991161718,35.1170165627395,4.66176265113695,35635.7442204098,,101.56453704834,,94.0,9.0,,8.069,82.9,59013667.0
Jamaica,10.3495688391272,,5.22151984737387,6022.15341099999,,90.7408676147461,5.35435009002686,91.0,,,4.083,70.629,2839144.0
Japan,2.49770278172255,21.5417231170208,0.954736937781391,34017.2718075024,,102.158706665039,3.23762130737305,98.0,,,2.6,83.9963414634146,125124989.0
Jordan,4.22915568897117,42.5374671563433,2.64743616429071,4332.25159897931,,98.5412673950195,3.16022992134094,86.0,,,18.2,74.215,11256263.0
Kazakhstan,15.0278644440851,41.5690089041544,3.19999999970734,11255.3396437881,,100.91126377966,4.45820236206055,99.0,,,4.86,74.44,20034609.0
Kenya,7.65986268272224,12.1919692160845,4.85998104287999,2109.56288513137,82.879997253418,,4.51101779937744,89.0,,,5.707,62.055,54252461.0
Kiribati,5.34595440908904,7.24909774012606,3.90535280738948,2075.90844085067,,98.4846115112305,,85.0,,,,67.661,130469.0
"Korea, Dem. People's Rep.",,,,,,,,67.0,,,2.805,73.578,26328845.0
"Korea, Rep.",5.08951365062842,48.2717642210409,2.61267219187226,32394.6833725203,,99.0333633422852,,97.0,9.72047997,,2.857,82.6804878048781,51672569.0
Kosovo,11.5805104542012,38.6256570148792,4.27849895827543,5290.94747224687,,,,,,,,79.524,1768096.0
Kuwait,3.98064961990313,60.3045984935725,5.85920887270251,40077.238047746,,,6.58236503601074,99.0,,,2.174,80.264,4589643.0
Kyrgyz Republic,13.9229093174176,46.3372718307792,8.96750520041391,1739.72030814894,,94.1910529601431,7.1688437461853,94.0,,26.4,4.043,72.0487804878049,6975219.5
Lao PDR,22.9562225132056,,2.70742652643155,2046.40440255621,87.5199966430664,97.2226134363857,1.46083438396454,76.0,,,1.209,68.999,7559007.0
Latvia,17.3102830198815,77.4694645882954,1.8126824022841,20229.4613617326,,99.41796875,,96.0,,,6.815,74.580487804878,1879383.0
Lebanon,171.205491336641,34.8287792460469,-0.621678970663112,3654.35845534878,,,,67.0,,,11.6,74.416,5744489.0
Lesotho,8.27180389943028,46.5063823361123,2.38778020186284,1029.99553333827,82.0100021362305,88.6117800268315,6.43347549438477,81.0,,,16.688,53.036,2286110.0
Liberia,7.59298486560313,,4.80810517290655,744.617175237387,,67.2317884233233,2.27609586715698,79.0,,,2.977,61.1,5373294.0
Libya,4.51030149235703,91.9809235078212,-8.25163004105288,5986.63694851258,,,,73.0,,,19.282,72.151,7223805.0
Liechtenstein,,,,186400.23376784,,,,,,,,84.319512195122,39493.0
Lithuania,19.7050461518394,86.7798492943433,2.53752500887173,25085.784063499,,101.905830383301,,87.0,7.46,,5.955,75.7926829268293,2831639.0
Luxembourg,6.33600807777919,211.278205574688,1.38018589083207,125006.021815486,,99.484260559082,4.70302200317383,99.0,5.46,,4.588,83.0463414634146,653103.0
"Macao SAR, China",1.04502802369954,84.3901737400991,-19.6093363742205,36909.9564090312,,84.9676666259766,6.18937015533447,,,,2.482,85.377,677300.0
Madagascar,8.16059031991844,30.3776176106912,3.99999999869678,497.242514792961,77.4800033569336,138.19226558666,3.13901996612549,44.0,,,3.186,65.23,30437261.0
Malawi,20.953969729969,,0.921115069005936,604.269751184515,68.0800018310547,126.426255960703,,82.0,,,5.037,62.898,20568728.0
Malaysia,3.37869862549928,76.8501886436659,8.86182187578046,11748.0919307944,96.0,97.7554931318277,3.49933791160583,96.0,,,3.93,76.26,34695493.0
Maldives,2.33314337624567,82.670925635235,13.8260895184139,11786.0091545343,,95.367258247522,4.67344331741333,98.0,,,4.419,80.839,524106.0
Mali,9.62147608489072,31.1765585536895,3.47495171106735,813.965034073188,,,4.03505516052246,73.0,,,2.387,59.417,23072640.0
Malta,6.15375621933037,128.573995440379,4.14788281601133,36142.2058531852,,93.5346603393555,,96.0,,,2.921,82.7,531511.0
Marshall Islands,,40.8176400947119,-1.11806797853311,6322.82855503156,,105.104331970215,7.54093980789185,81.0,,,,65.146,40077.0
Mauritania,9.52526628622843,39.737807822992,6.79600510182286,1960.35240077424,,,2.44024252891541,84.0,,,10.531,64.691,4875637.0
Mauritius,10.7737512242899,55.3430183090158,8.87988519700977,10239.7970461095,,,4.84085988998413,98.0,,,6.322,73.5146341463415,1262523.0
Mexico,7.8962761916855,42.7321338900631,3.68911109348025,11385.4070757929,,102.004783630371,,86.0,,43.5,3.256,74.832,128613117.0
"Micronesia, Fed. Sts.",5.40874375479067,21.0385813953488,-0.778210116731515,3835.38184348074,,91.5278783490224,,69.0,,,,70.925,112114.0
Moldova,28.7372976766235,41.2404935723512,-5.01548231924089,5738.42473515618,,106.97324544397,6.11053991317749,84.0,,,0.897,68.621,2528654.0
Monaco,,,11.0469394271752,226052.001905201,,,1.17324995994568,88.0,,,,,38931.0
Mongolia,15.1479560897226,65.0613511558615,5.0327096366527,4993.51487463495,,95.5634577935822,4.18056726455688,94.0,,31.4,6.211,72.667,3433748.0
Montenegro,13.0403036347004,51.5328616489687,6.40668032879275,10093.4387007266,,105.621368408203,,33.0,,,14.851,76.1878048780488,617213.0
Morocco,6.65704202759067,44.8118007632888,1.52720357976111,3455.39624023438,77.3499984741211,114.169990539551,5.91224670410156,99.0,,,9.494,74.973,37329064.0
Mozambique,10.2794018093421,49.8269428040417,4.36445074535436,578.251663751351,,121.177581787109,6.16198396682739,63.0,,,3.596,59.625,32656246.0
Myanmar,,,4.03749343593624,1158.05005034332,,,,75.0,,,3.057,67.256,53756787.0
Namibia,6.08128114112413,40.3451238515484,5.34966408559102,4349.04532248966,,133.527472902537,9.67791175842285,89.0,,,19.695,58.059,2889662.0
Nauru,,53.6776309627748,3.02263627499464,13287.2711890938,,94.9424133300781,7.80539798736572,98.0,,,,64.014,11801.0
Nepal,7.6507917679853,6.70239086588436,5.63131455871746,1385.91066275016,,118.80395155129,3.61778378486633,90.0,,30.0,10.844,70.484,29715436.0
Netherlands,10.0012078753473,96.4436215813729,5.00723459045037,59123.318556487,,104.215446472168,5.05201101303101,89.0,,,3.526,81.7146341463415,17700982.0
New Caledonia,,,3.49999999631376,33516.363085906,,,,,,,10.71,80.9820731707317,287123.0
New Zealand,7.17222476016441,24.3948255658574,2.7748426484212,48216.5095836302,,96.5572509765625,5.23012018203735,90.0,,,3.297,82.7609756097561,5117200.0
Nicaragua,10.4674244465991,49.846909059172,3.75228475736668,2325.16737851871,,105.435536868371,3.79476308822632,93.0,,,4.961,74.615,6730654.0
Niger,4.22621791916393,8.52377989130102,11.9000000000277,609.745147574878,38.0999984741211,68.331413269043,4.10143089294434,65.0,,,0.418,62.08,25311973.0
Nigeria,18.8471877843274,,3.25168140827093,2139.37478476974,,,0.348516702651978,60.0,,,3.821,53.633,223150896.0
North Macedonia,14.2047173195833,72.785399542204,2.75888415332967,7606.2375253797,,97.4866561889648,,71.0,,,14.476,74.4248780487805,1831712.0
Northern Mariana Islands,,22.2627737226277,16.6427546628408,23785.754590043,,,,,,,,,46078.0
Norway,5.76412317852272,55.4600670265005,3.00563516076298,108798.451165901,,98.9667587280273,3.96801972389221,96.0,8.14,,3.231,82.5609756097561,5457127.0
Oman,2.5061425061425,59.2020891028381,9.5771061309605,23665.6394740852,97.0,90.096809387207,4.19907999038696,97.0,,,3.3,73.935,4730226.0
Pakistan,19.8738599646655,10.5405906471536,4.7781068690358,1538.3228133171,,82.6790063159857,1.97444903850555,82.0,,,5.485,66.431,243700667.0
Palau,12.3526638378124,13.4632250687561,-1.31844903330447,14392.1990258461,,88.271186440678,3.57620143890381,96.0,,,,,17759.0
Panama,2.85965128834711,48.1174394920396,10.769665870619,17332.4360742988,,100.875396728516,3.36693000793457,87.0,,,8.086,76.826,4400773.0
Papua New Guinea,5.25323922215241,,5.70758411822096,3101.71063200047,,,,41.0,,,2.689,65.958,10203169.0
Paraguay,9.76556667164402,34.3693845850532,0.176038366132886,6205.62595379319,,93.2309494018555,3.39619994163513,54.0,,45.1,6.755,70.475,6760464.0
Peru,8.33370630096231,28.9044343292124,2.72550021563363,7363.27206939639,,107.663269042969,3.83315992355347,74.0,,40.3,3.85,73.385,33475438.0
Philippines,5.82115811213955,28.3874015457939,7.58098212785563,3548.06930572116,,91.8715546202869,3.57960081100464,76.0,5.1,,2.598,72.187,113964338.0
Poland,14.4294507575758,62.3525162455456,5.25545697386036,18891.2121169279,,100.594268798828,,91.0,6.68,,2.811,77.3048780487805,36821749.0
Portugal,7.83269124233323,49.4816821962014,6.98584193827881,24620.519556875,,109.846130371094,,98.0,10.62,,6.011,81.5804878048781,10434332.0
Puerto Rico,,52.5807627554435,3.56811024720668,35268.0791015719,,,,,,,6.0,79.72,3220113.0
Qatar,4.99527553740761,68.5984131756121,4.18500971344966,88701.463350036,,94.9849319458008,,99.0,,,0.13,81.559,2657333.0
Romania,13.7954887432521,43.3611500953615,3.96530766311717,15557.8826247584,,84.8812789916992,,83.0,,,5.614,75.3048780487805,19048502.0
Russian Federation,,28.0257191670312,-2.06971152527731,15445.2421875,,101.136070251465,4.05402755737305,97.0,,,3.867,72.5456097560976,144236933.0
Rwanda,17.6892095588153,22.4780616958951,8.15773308481241,975.469315871749,79.0,148.752487182617,4.74623012542725,99.0,,,15.084,67.129,13651030.0
Samoa,10.9618822286844,12.2663826209512,-5.30629089966979,3869.46639492144,,104.122587299249,4.88079118728638,82.0,,,5.048,72.598,215261.0
San Marino,,197.412351319317,7.89844145767604,54264.570495898,100.0,93.9375,3.43181848526001,91.0,,,,,33755.0
Sao Tome and Principe,18.0056351122841,,0.168698492216564,2389.73729784737,93.75,,5.15598058700562,82.0,,,8.992,68.794,226305.0
Saudi Arabia,2.4740737192537,40.221276968341,7.48598429134137,34454.1957708412,,102.705947875977,,98.0,,,5.589,77.905,32175224.0
Senegal,9.69681899081073,26.857557599241,3.82586363675534,1564.74522071584,57.6699981689453,83.2787017822266,5.98753976821899,76.0,,,2.837,67.913,17651103.0
Serbia,11.9815117344703,60.7493785262136,2.63098644408841,10022.9688543402,,98.8989791870117,3.23938989639282,81.0,,,8.439,75.4821951219512,6664449.0
Seychelles,2.6260363285129,88.3864980757065,14.9768513322959,17167.1909760833,,97.7654800415039,4.74013519287109,98.0,,,,73.8487804878049,119878.0
Sierra Leone,27.2082883814653,16.7851638614949,5.3135546141915,860.130884035452,48.6399993896484,156.801918077513,8.5391845703125,90.0,,,3.175,60.411,8276807.0
Singapore,6.12106004039418,185.757032866998,3.83807678519807,88428.7024226232,,99.5780410766602,2.48891997337341,96.0,,,3.591,82.8951219512195,5637022.0
Sint Maarten (Dutch part),,,9.80000111145777,36476.6300833859,,,4.18044137954712,,,,,74.409,42139.0
Slovak Republic,12.7741463637611,98.952236338947,0.449673875081572,21342.7666714692,,100.326721191406,,95.0,,,6.143,77.0658536585366,5431752.0
Slovenia,8.83369886749452,93.9826603175574,2.69923755687375,28373.8382265999,,100.639137268066,,96.0,8.85,,4.011,81.2829268292683,2112076.0
Solomon Islands,5.51812928576938,26.2867431210615,2.40248143622522,2005.4139933198,,,8.48737812042236,90.0,,,1.483,70.742,781066.0
Somalia,,17.6819185644467,2.72711429582988,573.128092470162,54.0,,,46.0,,,19.05,56.107,17801897.0
South Africa,7.03972661255866,33.3714495540545,1.91147996033504,6523.41097815853,,96.1027221679688,6.16726016998291,86.0,,,33.268,61.48,62378410.0
South Sudan,-6.68732094212672,,,,,,,72.0,,,12.545,55.567,11021177.0
Spain,8.39057634118627,39.7551303881907,6.17931222572963,30287.3657583614,,102.445991516113,4.31587886810303,96.0,,,12.917,83.0829268292683,47759127.0
Sri Lanka,49.7211021114327,21.5590230179656,-7.34679123599076,3342.71989646203,92.0,95.9158628635578,1.20397222042084,99.0,,,4.528,76.61,22181000.0
St. Kitts and Nevis,2.66817533111249,,10.5228492759939,21011.5744209816,,,3.63147068023682,95.0,,,,72.027,46709.0
St. Lucia,6.37814695133351,,20.3867675749845,13103.7621654634,,103.664779663086,3.69847011566162,81.0,,,15.934,71.294,178781.0
St. Martin (French part),,,,,,,,,,,,80.55,28870.0
St. Vincent and the Grenadines,5.66009779226552,,7.1598328657349,9471.14627317673,,110.587085886846,7.20952939987183,99.0,,,19.417,68.972,102046.0
Sudan,138.80846024176,1.57116183055586,-0.957816591119183,1046.24084472656,,,,66.0,,,7.53,65.578,49383346.0
Suriname,52.446027276241,,2.40622235601218,6084.43876736445,,,3.43460845947266,74.0,,39.2,8.16,70.289,623164.0
Sweden,8.36929098869189,53.8802781349213,1.45928850757269,55296.9371472535,,116.425392150879,,92.0,10.67,,7.392,83.109756097561,10486941.0
Switzerland,2.83502798644463,76.9356153921115,2.56832817834069,93245.7952120851,,101.363067626953,4.88824462890625,96.0,,,4.122,83.4536585365854,8777088.0
Syrian Arab Republic,,6.81012687776418,0.732781301861365,1051.67149587463,,74.367431640625,,52.0,,26.6,13.268,72.3,22462173.0
Tajikistan,,16.3531240454317,8.00000033846364,1052.17949484894,,101.345203671337,5.71509790420532,98.0,,,11.634,71.288,10182222.0
Tanzania,4.35027204269101,15.4137105201683,4.56600576430955,1207.85302734375,82.0199966430664,88.2558784495081,3.23824501037598,89.0,,,2.588,66.782,64711821.0
Thailand,6.07741228434321,65.3629024949052,2.46276934050356,6909.35997481451,91.0998687744141,105.101107091175,2.61187028884888,93.0,,,0.94,79.68,71735329.0
Timor-Leste,7.00530945399784,55.6120531298132,-20.584244040573,2343.24524664152,,120.849599035731,,72.0,,,1.537,69.056,1369295.0
Togo,7.96757361617945,25.5991710804409,5.75954251521733,898.758154410712,,122.478256225586,3.79811930656433,71.0,,,1.965,61.588,9089738.0
Tonga,10.9713652903022,11.5596410093967,-2.30986002720401,4933.07479143113,,106.535737282679,5.64619207382202,99.0,,,2.302,71.27,105042.0
Trinidad and Tobago,5.82838638517959,,1.48223484044745,22004.1997884125,,,2.87970423698425,92.0,,,4.383,74.708,1365805.0
Tunisia,8.30646124447623,50.4191359795168,2.67331821840567,3678.40023411347,85.2149276733398,103.912643432617,6.8049898147583,95.0,,,15.3,74.263,12119334.0
Turkiye,72.3088359891207,38.5842021809785,5.53342787492781,10674.504157865,,102.487701416016,2.61430358886719,95.0,,,10.465,78.475,84979913.0
Turkmenistan,,24.8763820118022,6.19999993621698,8156.35211950774,,110.284736633301,3.73386001586914,98.0,,,4.109,69.41,7230193.0
Turks and Caicos Islands,,,6.19999948551566,26802.0673752091,,122.33812713623,4.10991382598877,,,,,74.925,45847.0
Tuvalu,,,0.677309361438304,5911.32727055301,,98.4408187866211,,90.0,,,,64.854,9992.0
Uganda,7.1957888597581,12.0219954333331,4.58802192181773,963.067314117178,80.5899963378906,,2.56105017662048,92.0,,,2.886,63.638,47312719.0
Ukraine,20.1836366617478,35.4451153382041,-28.7585842132117,4199.6708984375,,92.7711634493634,5.93389987945557,74.0,,,,68.5879268292683,41048766.0
United Arab Emirates,5.29122604376849,103.812252334383,7.50969703221836,49899.0652978649,98.0,,,98.0,,,2.872,79.196,10074977.0
United Kingdom,7.92204883147902,33.5671944737788,4.83908514714403,45935.9276473925,,102.406127929688,4.95917558670044,90.0,11.34454918,,3.73,82.0585365853659,67791000.0
United States,8.00279982052121,11.6022279170372,2.51237531983308,78035.1753604212,,96.9717330932617,,92.0,16.57115173,41.3,3.65,77.4341463414634,333271411.0
Uruguay,9.10437983075437,31.9521648717584,4.70725761465232,20691.9738991763,99.0,108.822761535645,4.5073299407959,96.0,,40.6,7.877,78.0,3390913.0
Uzbekistan,11.4466436998834,24.3321763426068,6.00134232206508,2578.66689394219,100.0,93.9099780290139,5.23477172851562,99.0,,31.2,4.49,71.674,34938955.0
Vanuatu,6.67930581887121,15.3048330605426,1.9160570121628,3265.39645133096,,110.520745546126,10.7033452987671,70.0,,,5.143,70.492,313046.0
"Venezuela, RB",,,,,97.5999984741211,,,52.0,,,5.707,71.105,28213017.0
Viet Nam,3.15650749963129,93.8116384128291,8.12351446767343,4116.38576094153,96.0,123.133723768475,2.88738679885864,88.0,,36.1,1.523,74.58,99680655.0
Virgin Islands (U.S.),,97.3672945205479,-1.31123206333498,44320.909185774,,,,,,,13.007,80.319512195122,105413.0
West Bank and Gaza,3.74122391852077,18.4362526414651,4.08276027347105,3799.95527015163,98.0,91.7645874023438,,97.0,,,24.42,73.444,5043612.0
"Yemen, Rep.",,,,615.70207931388,,,,53.0,,,17.363,63.72,38222876.0
Zambia,10.9932039209136,40.1939977114306,5.21122360356247,1447.12310138035,,,3.58259510993958,90.0,,51.5,5.995,61.803,20152938.0
Zimbabwe,104.705170628667,27.8721706935875,6.13926326513234,2040.55245910726,89.8499984741211,95.789907037216,,90.0,,,10.087,59.391,16069056.0
